race_id,course_type,distance,weather,condition,year,month,day,rank,waku,umaban,horse_name,horse_id,jockey,jockey_id,trainer,trainer_id,horse_weight,weight_diff,time,passing,last_3f,odds,popularity
202506010101,dirt,1200,sunny,good,2025,1,5,1,6,11,ピッツァナポリ,2022105247,大野拓弥,01096,新開幸一,01116,460,+2,1:12.2,1-1,37.7,2.5,1
202506010101,dirt,1200,sunny,good,2025,1,5,2,2,3,グリューネベルグ,2022106581,丹内祐次,01091,青木孝文,01156,444,0,1:12.7,7-7,37.4,12.0,6
202506010101,dirt,1200,sunny,good,2025,1,5,3,7,13,ロッキンミー,2022107050,佐藤翔馬,01207,杉浦宏昭,01008,436,0,1:13.0,3-3,38.1,156.0,11
202506010101,dirt,1200,sunny,good,2025,1,5,4,5,10,ルックアトミー,2022103727,菊沢一樹,01161,菊沢隆徳,01115,494,+6,1:13.1,5-5,38.0,2.8,2
202506010101,dirt,1200,sunny,good,2025,1,5,5,6,12,ダイチラポール,2022100076,長浜鴻緒,01214,蛯名利弘,01131,476,+2,1:13.4,2-2,38.7,7.3,3
202506010101,dirt,1200,sunny,good,2025,1,5,6,1,2,ジルクン,2022101022,小林美駒,01206,鈴木慎太,01179,414,+8,1:13.5,13-11,37.0,50.1,7
202506010101,dirt,1200,sunny,good,2025,1,5,7,4,8,セイリオス,2022106350,杉原誠人,01135,宮田敬介,01175,472,+6,1:13.7,9-8,37.8,211.8,14
202506010101,dirt,1200,sunny,good,2025,1,5,8,2,4,タッカーバリアント,2022100105,戸崎圭太,05386,田島俊明,01112,466,+4,1:13.7,5-5,38.7,8.4,4
202506010101,dirt,1200,sunny,good,2025,1,5,9,4,7,コナベイション,2022101692,横山武史,01170,伊藤圭三,01023,460,-4,1:13.8,3-3,39.0,11.6,5
202506010101,dirt,1200,sunny,good,2025,1,5,10,3,5,チャンピオンリボン,2022102964,木幡初也,01153,竹内正洋,01152,422,+8,1:14.0,9-9,38.2,196.9,13
202506010101,dirt,1200,sunny,good,2025,1,5,11,1,1,ショウブダッシュ,2022102642,石神深道,01209,青木孝文,01156,432,0,1:14.2,11-11,38.0,231.3,15
202506010101,dirt,1200,sunny,good,2025,1,5,12,5,9,ビスケットマリー,2022102984,柴田大知,01009,和田雄二,01143,420,-6,1:14.8,15-14,38.0,131.9,10
202506010101,dirt,1200,sunny,good,2025,1,5,13,8,16,カツノトゥウェルヴ,2022101055,松岡正海,01085,伊藤伸一,01031,470,-10,1:15.0,14-14,38.3,73.0,8
202506010101,dirt,1200,sunny,good,2025,1,5,14,7,14,ノアファースト,2022102350,武藤雅,01169,小笠倫弘,01076,454,-10,1:15.0,16-14,38.0,189.5,12
202506010101,dirt,1200,sunny,good,2025,1,5,15,3,6,ニシノティターニア,2022107201,池添謙一,01032,上原博之,00423,424,-14,1:15.2,8-9,39.5,75.8,9
202506010101,dirt,1200,sunny,good,2025,1,5,16,8,15,キャプティバ,2022103312,黛弘人,01109,佐藤吉勝,01035,492,+6,1:15.6,12-13,39.3,556.3,16
202506010102,dirt,1800,sunny,good,2025,1,5,1,3,6,フィーリウス,2022105175,木幡巧也,01162,手塚貴久,01038,492,-6,1:56.1,13-13-5-5,38.7,7.3,3
202506010102,dirt,1800,sunny,good,2025,1,5,2,6,12,ロンパイア,2022103708,戸崎圭太,05386,尾関知人,01103,474,-2,1:56.1,11-11-2-1,39.0,7.5,4
202506010102,dirt,1800,sunny,good,2025,1,5,3,1,2,ブレトワルダ,2022102965,丹内祐次,01091,新開幸一,01116,496,+2,1:56.2,5-5-7-7,38.6,8.2,6
202506010102,dirt,1800,sunny,good,2025,1,5,4,7,14,プロスペクトパーク,2022105548,横山武史,01170,高柳瑞樹,01118,504,+6,1:56.5,3-3-2-2,39.3,7.8,5
202506010102,dirt,1800,sunny,good,2025,1,5,5,7,13,アイオリア,2022104310,横山和生,01140,奥村武,01145,520,+6,1:57.4,5-5-2-2,40.2,2.3,1
202506010102,dirt,1800,sunny,good,2025,1,5,6,8,15,ルシード,2022103592,野中悠太,01158,田島俊明,01112,512,+10,1:57.6,2-2-5-5,40.2,19.8,7
202506010102,dirt,1800,sunny,good,2025,1,5,7,4,8,ギンガエクスプレス,2022106161,長浜鴻緒,01214,加藤士津,01169,532,+4,1:57.7,9-9-11-10,39.5,179.8,11
202506010102,dirt,1800,sunny,good,2025,1,5,8,8,16,バレアリックシー,2022105358,菊沢一樹,01161,菊沢隆徳,01115,480,+6,1:57.7,9-9-10-10,39.6,121.2,10
202506010102,dirt,1800,sunny,good,2025,1,5,9,5,9,シリウスライト,2022101042,石橋脩,01077,和田正一,01114,460,+2,1:58.0,15-15-13-12,39.2,412.8,14
202506010102,dirt,1800,sunny,good,2025,1,5,10,2,4,ヴィジブルライト,2022104860,マーカン,05626,和田正一,01114,486,0,1:58.0,5-5-7-7,40.5,5.2,2
202506010102,dirt,1800,sunny,good,2025,1,5,11,6,11,クラウンジュエル,2022101812,松岡正海,01085,尾関知人,01103,478,-2,1:58.1,14-14-13-12,39.3,336.5,13
202506010102,dirt,1800,sunny,good,2025,1,5,12,3,5,アイスヴィレッジ,2022103702,菅原明良,01179,鈴木慎太,01179,490,-8,1:58.2,1-1-1-2,41.1,57.0,8
202506010102,dirt,1800,sunny,good,2025,1,5,13,4,7,アタックスリー,2022104113,柴田大知,01009,和田雄二,01143,456,+2,2:00.3,11-11-11-12,42.0,468.3,16
202506010102,dirt,1800,sunny,good,2025,1,5,14,1,1,レイラインシチー,2022103790,佐々木大,01197,伊藤圭三,01023,466,+2,2:00.9,3-3-7-9,43.4,59.1,9
202506010102,dirt,1800,sunny,good,2025,1,5,15,2,3,ブレイクバウンズ,2022105592,伊藤工真,01119,林徹,01163,484,+2,2:01.1,5-5-15-15,41.9,283.0,12
202506010102,dirt,1800,sunny,good,2025,1,5,16,5,10,ジュンアベリアシノ,2022104406,黛弘人,01109,伊坂重信,01177,460,0,2:09.4,16-16-16-16,46.4,435.4,15
202506010103,dirt,1800,sunny,good,2025,1,5,1,6,12,タマモトリノ,2022106199,大野拓弥,01096,辻哲英,01182,488,0,1:56.9,2-2-3-2,38.4,8.9,5
202506010103,dirt,1800,sunny,good,2025,1,5,2,4,7,ホウオウサムレット,2022104969,マーカン,05626,田中博康,01162,452,0,1:57.2,7-7-1-1,38.9,2.5,1
202506010103,dirt,1800,sunny,good,2025,1,5,3,8,16,ヌンボラ,2022102291,石神深道,01209,深山雅史,01174,466,0,1:58.3,3-3-3-5,39.7,98.2,12
202506010103,dirt,1800,sunny,good,2025,1,5,4,8,15,フローラルデザイン,2022105308,北村宏司,01043,畠山吉宏,01048,452,0,1:58.6,4-5-3-2,40.0,24.2,7
202506010103,dirt,1800,sunny,good,2025,1,5,5,7,13,ジロラータ,2022105347,吉田豊,00733,久保田貴,01067,472,0,1:58.6,10-10-6-5,39.8,6.2,3
202506010103,dirt,1800,sunny,good,2025,1,5,6,2,3,モリノハーバー,2022105752,小林美駒,01206,鈴木伸尋,01026,484,0,1:58.8,4-5-9-8,39.4,29.2,8
202506010103,dirt,1800,sunny,good,2025,1,5,7,2,4,ニシノジョバンニ,2022106158,池添謙一,01032,矢嶋大樹,01202,548,0,1:58.9,14-11-2-2,40.6,44.2,9
202506010103,dirt,1800,sunny,good,2025,1,5,8,1,1,アズユーライク,2022101767,戸崎圭太,05386,西園翔太,01196,466,0,1:59.0,4-3-7-7,39.9,4.8,2
202506010103,dirt,1800,sunny,good,2025,1,5,9,6,11,ウィンターサン,2022101649,佐々木大,01197,加藤征弘,01059,454,0,1:59.6,1-1-7-8,40.5,7.5,4
202506010103,dirt,1800,sunny,good,2025,1,5,10,7,14,ヴァルトバーデン,2022101548,宮崎北斗,01118,嘉藤貴行,01195,484,0,1:59.9,12-11-11-10,40.1,114.0,13
202506010103,dirt,1800,sunny,good,2025,1,5,11,5,9,ホロヨイマンゲツ,2022103464,内田博幸,00422,深山雅史,01174,500,0,2:00.6,9-7-9-10,41.1,151.8,15
202506010103,dirt,1800,sunny,good,2025,1,5,12,3,5,ゴールドパートナー,2022106842,横山和生,01140,嘉藤貴行,01195,470,0,2:01.1,10-11-14-14,39.7,11.5,6
202506010103,dirt,1800,sunny,good,2025,1,5,13,5,10,スイープビクトリー,2022105997,伊藤工真,01119,林徹,01163,444,0,2:01.4,13-15-15-15,39.7,147.2,14
202506010103,dirt,1800,sunny,good,2025,1,5,14,4,8,ブルーラジカル,2022102672,野中悠太,01158,菊川正達,01052,466,0,2:01.6,14-14-13-13,40.8,76.7,11
202506010103,dirt,1800,sunny,good,2025,1,5,15,1,2,オンクラウドナイン,2022106754,藤岡佑介,01093,和田正一,01114,520,0,2:01.8,16-16-16-16,38.6,73.2,10
202506010103,dirt,1800,sunny,good,2025,1,5,16,3,6,ニシノステディミキ,2022100553,岩部純二,00726,加藤和宏,01077,466,0,2:04.2,7-7-11-12,44.4,233.6,16
202506010104,dirt,2400,sunny,good,2025,1,5,1,1,1,ロードブレイズ,2021100162,横山和生,01140,稲垣幸雄,01167,506,+8,2:36.0,3-3-3-3,39.1,5.7,2
202506010104,dirt,2400,sunny,good,2025,1,5,2,4,8,コスモジンバック,2021106797,石橋脩,01077,相沢郁,01020,484,0,2:36.0,1-1-1-1,39.3,17.0,6
202506010104,dirt,2400,sunny,good,2025,1,5,3,4,7,トゥザヒロイン,2019105314,大野拓弥,01096,辻哲英,01182,540,+6,2:36.8,6-5-5-4,39.5,50.2,10
202506010104,dirt,2400,sunny,good,2025,1,5,4,3,6,ジーティーアグリム,2021104574,藤岡佑介,01093,奥平雅士,01074,544,+20,2:36.9,2-2-2-2,40.1,218.0,15
202506010104,dirt,2400,sunny,good,2025,1,5,5,5,10,オウケンシルヴァー,2021103017,原田和真,01143,松永康利,01093,500,0,2:36.9,10-10-8-7,39.3,25.6,8
202506010104,dirt,2400,sunny,good,2025,1,5,6,2,3,トゥルース,2020104479,菊沢一樹,01161,金成貴史,01132,516,+20,2:36.9,12-12-9-9,39.1,123.8,13
202506010104,dirt,2400,sunny,good,2025,1,5,7,5,9,マコタイガ,2021101356,吉田豊,00733,小野次郎,01125,516,+4,2:37.0,6-7-7-5,39.5,7.9,3
202506010104,dirt,2400,sunny,good,2025,1,5,8,3,5,シーリュウシー,2021106180,横山武史,01170,岡田稲男,01066,504,+4,2:37.3,12-12-9-10,39.5,1.8,1
202506010104,dirt,2400,sunny,good,2025,1,5,9,2,4,ダノンペドロ,2020103453,マーカン,05626,寺島良,01158,478,-6,2:37.5,4-4-3-5,40.5,13.7,5
202506010104,dirt,2400,sunny,good,2025,1,5,10,7,13,パッカパッカブー,2021102969,松岡正海,01085,堀内岳志,01189,494,-2,2:37.9,14-14-14-13,39.6,49.9,9
202506010104,dirt,2400,sunny,good,2025,1,5,11,7,14,アスプリージャ,2021100761,丹内祐次,01091,中舘英二,01153,480,-2,2:38.0,5-5-5-7,40.8,21.4,7
202506010104,dirt,2400,sunny,good,2025,1,5,12,8,16,サトノレイズ,2021104961,戸崎圭太,05386,萩原清,01017,474,+20,2:38.3,6-7-9-10,40.5,10.3,4
202506010104,dirt,2400,sunny,good,2025,1,5,13,1,2,ブレイヴアロウ,2020103118,佐々木大,01197,辻哲英,01182,502,0,2:38.5,10-10-9-12,40.6,75.0,11
202506010104,dirt,2400,sunny,good,2025,1,5,14,8,15,デリシュレーヌ,2018101497,ドイル,05625,高橋文雅,01134,498,+10,2:38.8,15-15-14-14,40.5,95.1,12
202506010104,dirt,2400,sunny,good,2025,1,5,15,6,11,トゥラムプラッツ,2021101927,木幡育也,01167,高橋文雅,01134,490,+12,2:39.6,16-16-16-16,40.4,354.8,16
202506010104,dirt,2400,sunny,good,2025,1,5,16,6,12,オブシディアン,2020100307,小林美駒,01206,武藤善則,01064,534,+6,2:40.8,6-7-9-15,43.0,126.8,14
